Link,Title,Author,Publisher,"Publish Date","Place of Publication",Format,"Location & Call Number"
https://libraries.rbkc.gov.uk/GroupedWork/d102f51c-f059-c630-281f-3e9394e09a8a-eng,"The Oxford history of board games","Parlett, David","Oxford University Press",1999,Oxford,Reference,"Reference::Kensington Central Library - HOB - Reference Library: 794 PAR - On Shelf"
https://libraries.rbkc.gov.uk/GroupedWork/fa403330-1dc0-44cb-5f01-765ea638f269-eng,Flamecraft,"Vega, Manny","Cardboard Alchemy",2022,,"Board Game","Board Game::Kensington Central Library - BOARDGAMES - Adult lending: BOARD GAMES - On Shelf,Board Game::Charing Cross Library - BOARDGAMES - Adult lending:  - On Shelf,Board Game::Pimlico Library - BOARDGAMES - Adult lending: AUTO - On Shelf"
https://libraries.rbkc.gov.uk/GroupedWork/5116cd9b-6576-d793-4c4a-991f959ef0bf-eng,"Just one","Roudy, Ludovic","Repos Production",2018,,"Board Game","Board Game::Kensington Central Library - BOARDGAMES - Adult lending: BOARD GAMES - On Shelf,Board Game::Charing Cross Library - BOARDGAMES - Adult lending:  - Checked Out,Board Game::Pimlico Library - BOARDGAMES - Adult lending: AUTO - On Shelf"
https://libraries.rbkc.gov.uk/GroupedWork/8a314494-095b-93d2-9ebf-ea6f1bc9c83a-eng,"Classic art","Knizia, Reiner",Blatz,1996,,"Board Game","Board Game::Kensington Central Library - BOARDGAMES - Adult lending: BOARD GAMES - On Shelf,Board Game::Pimlico Library - BOARDGAMES - Adult lending:  - On Shelf"
https://libraries.rbkc.gov.uk/GroupedWork/64d52cda-f016-bcc1-246f-35f42a0edb3d-eng,"Dorfromantik: the board game","Palm, Michael","Pegasus Spiele",2022,,"Board Game","Board Game::Kensington Central Library - BOARDGAMES - Adult lending: BOARD GAMES - Checked Out,Board Game::Pimlico Library - BOARDGAMES - Adult lending: AUTO - On Shelf"
https://libraries.rbkc.gov.uk/GroupedWork/cfa7f7c3-25e9-1b0e-7b05-9a543af87d8c-eng,"Stardew Valley: the board game","Medeiros, Cole","Concerned Ape",2021,,"Board Game","Board Game::Kensington Central Library - BOARDGAMES - Adult lending: BOARD GAMES - Checked Out,Board Game::Pimlico Library - BOARDGAMES - Adult lending: BOARD GAMES - On Shelf"
https://libraries.rbkc.gov.uk/GroupedWork/25272a4b-daeb-79c9-af0d-94b358440d17-eng,"The Vale of Eternity","Hong, Eric","Mandoo Games",2023,,"Board Game",
https://libraries.rbkc.gov.uk/GroupedWork/50a45ffe-9de6-ab0e-6afd-7c519c75ebcb-eng,"Heat: pedal to the metal","Granerud, Asger Harding","Days of Wonder",2022,Guyancourt,"Board Game",
https://libraries.rbkc.gov.uk/GroupedWork/661f7d02-ec13-491b-32fd-604c062b07d7-eng,"Terraforming Mars","McMurchie, Tom",Asmodee,2023,Somerset,"Board Game","Board Game::Kensington Central Library - BOARDGAMES - Adult lending: BOARD GAMES - On Shelf,Board Game::Charing Cross Library - BOARDGAMES - Adult lending:  - On Shelf,Board Game::Pimlico Library - BOARDGAMES - Adult lending:  - On Shelf"
https://libraries.rbkc.gov.uk/GroupedWork/d79f7f65-d854-7028-6180-eda84f046d05-eng,Marabunta,"Knizia, Dr Reiner","Space Cowboys",2023,,"Board Game","Board Game::Kensington Central Library - BOARDGAMES - Adult lending: BOARD GAMES - On Shelf,Board Game::Pimlico Library - BOARDGAMES - Adult lending: AUTO - On Shelf"
https://libraries.rbkc.gov.uk/GroupedWork/82e4c887-cacc-a2e9-e664-f66609f876dc-eng,"Mansions of Madness:  Second Edition","Valens, Nikki","Fantasy Flight Games",2016,"Alton, Hampshire","Board Game","Board Game::Kensington Central Library - BOARDGAMES - Adult lending: BOARD GAMES - On Shelf,Board Game::Pimlico Library - BOARDGAMES - Adult lending: BOARD GAMES - Checked Out"
https://libraries.rbkc.gov.uk/GroupedWork/f85d979c-fe73-9791-c245-66e34ef37371-eng,"Betrayal at Baldur's Gate","Dupuis, Chris","Avalon Hill",2017,,"Board Game","Board Game::Kensington Central Library - BOARDGAMES - Adult lending: BOARD GAMES - On Shelf,Board Game::Pimlico Library - BOARDGAMES - Adult lending: BOARD GAMES - On Shelf"
https://libraries.rbkc.gov.uk/GroupedWork/47edc1ad-4ea6-96a5-7ff0-912cab29b21a-eng,"Forbidden island","Leacock, Matt",Gamewright,2013,,"Board Game","Board Game::Kensington Central Library - BOARDGAMES - Adult lending: BOARD GAMES - On Shelf,Board Game::Charing Cross Library - BOARDGAMES - Adult lending:  - On Shelf,Board Game::Paddington Library - BOARDGAMES - Adult lending: BOARD GAMES - On Shelf"
https://libraries.rbkc.gov.uk/GroupedWork/0d471f50-62df-34f0-a8db-68cd82c5bc68-eng,"Become a chess champion","Canty, James, III","Neon Squid",2024,London,"UNKNOWN set up by BS;Book",
https://libraries.rbkc.gov.uk/GroupedWork/3964db01-3cc7-0798-621a-3db4ca4c7d36-eng,"Halloween: a hidden movement game","Matsuuchi, Emerson","Treat or Treat Studios",2023,,"Board Game","Board Game::Kensington Central Library - BOARDGAMES - Adult lending: BOARD GAMES - Checked Out,Board Game::Pimlico Library - BOARDGAMES - Adult lending: AUTO - On Shelf"
https://libraries.rbkc.gov.uk/GroupedWork/92ff6783-b4e9-027c-b238-c4f6b3ed00ea-eng,"Sherlock Holmes consulting detective: the thames murders & other cases","Edwards, Raymond","Sleuth Publication, Space Cowboys",1983,,"Board Game","Board Game::Kensington Central Library - BOARDGAMES - Adult lending: BOARD GAMES - Checked Out,Board Game::Charing Cross Library - BOARDGAMES - Adult lending:  - Checked Out,Board Game::Pimlico Library - BOARDGAMES - Adult lending: AUTO - On Shelf"
https://libraries.rbkc.gov.uk/GroupedWork/9cdb2bb8-82b5-8602-968f-4424bc0eeb1a-eng,Splendor,"André, Marc","Space Cowboys",2018,,"Board Game","Board Game::Kensington Central Library - BOARDGAMES - Adult lending: BOARD GAMES - On Shelf,Board Game::Paddington Library - BOARDGAMES - Adult lending: BOARD GAMES - On Shelf,Board Game::Pimlico Library - Adult lending: BOARD GAMES - On Shelf"
https://libraries.rbkc.gov.uk/GroupedWork/55cc2ee3-22e0-56df-e74a-5f40ae53cbfe-eng,Carcassonne,"Wrede, Klaus-Jürgen","Z-Man Games",2014,,"Board Game","Board Game::Kensington Central Library - BOARDGAMES - Adult lending: BOARD GAMES - On Shelf,Board Game::Charing Cross Library - BOARDGAMES - Adult lending: BOARD GAMES - On Shelf,Board Game::Paddington Library - BOARDGAMES - Adult lending: BOARD GAMES - Checked Out"
https://libraries.rbkc.gov.uk/GroupedWork/85bf21e8-d7b6-3be7-118a-56af02a75303-eng,Jaipur,"Pauchon, Sebastien","Space Cowboys",2020,France,"Board Game","Board Game::Kensington Central Library - BOARDGAMES - Adult lending: BOARD BOOKS - On Shelf,Board Game::Charing Cross Library - BOARDGAMES - Adult lending: BOARD BOOKS - On Shelf,Board Game::Paddington Library - BOARDGAMES - Adult lending: BOARD BOOKS - On Shelf"
https://libraries.rbkc.gov.uk/GroupedWork/37c64774-0ece-5da3-f97e-155ec48fab68-eng,Sagrada,"Adamescu, Adrian","Floodgate Games",2017,,"Board Game","Board Game::Kensington Central Library - BOARDGAMES - Adult lending: BOARD GAMES - On Shelf,Board Game::Charing Cross Library - BOARDGAMES - Adult lending: AUTO - On Shelf,Board Game::Paddington Library - BOARDGAMES - Adult lending: AUTO - On Shelf"
https://libraries.rbkc.gov.uk/GroupedWork/4178a6c7-03e5-76b6-f6e9-94a80a0131b7-eng,"The Resistance","Eskridge, Don","Indie boards and cards",2011,,"Board Game","Board Game::Kensington Central Library - BOARDGAMES - Adult lending: BOARD GAMES - On Shelf,Board Game::Pimlico Library - Adult lending: BOARD GAMES - Checked Out"
https://libraries.rbkc.gov.uk/GroupedWork/031391a1-8ffb-a72b-a55e-c529cd93485a-eng,Arboretum,"Cassar, Dan","Renegade Game Studios",2021,London,"Board Game","Board Game::Kensington Central Library - BOARDGAMES - Adult lending: BOARD GAMES - On Shelf,Board Game::Pimlico Library - BOARDGAMES - Adult lending: BOARD GAMES - On Shelf"
https://libraries.rbkc.gov.uk/GroupedWork/99a1a037-d2f7-3f21-ebe1-47cf8e19f20c-eng,Hygge,Saashi,Helvetiq,2022,,"Board Game","Board Game::Kensington Central Library - BOARDGAMES - Adult lending: BOARD GAMES - On Shelf,Board Game::Pimlico Library - BOARDGAMES - Adult lending: BOARD GAMES - On Shelf"
https://libraries.rbkc.gov.uk/GroupedWork/f8836f47-d03a-c44b-fa30-1fd7a0ec076f-eng,Qwirkle,"McKinley Ross, Susan",Mindware,2006,,"Board Game","Board Game::Kensington Central Library - BOARDGAMES - Adult lending: BOARD GAMES - On Shelf,Board Game::Pimlico Library - BOARDGAMES - Adult lending: AUTO - In Transit"
https://libraries.rbkc.gov.uk/GroupedWork/25340542-098d-159e-e174-2a73df02be8b-eng,Patchwork,"Rosenberg, Uwe","Mayfair Games",2019,Stokie,"Board Game","Board Game::Kensington Central Library - BOARDGAMES - Adult lending: BOARD GAMES - On Shelf,Board Game::Pimlico Library - BOARDGAMES - Adult lending: BOARD GAMES - On Shelf"
https://libraries.rbkc.gov.uk/GroupedWork/a2cffe2b-b0db-8093-f069-94e55bbe17e5-eng,Cryptid,"Duncan, Hal","Osprey Games",2018,,"Board Game","Board Game::Kensington Central Library - BOARDGAMES - Adult lending: BOARD GAMES - On Shelf,Board Game::Pimlico Library - BOARDGAMES - Adult lending: BOARD GAMES - On Shelf"
https://libraries.rbkc.gov.uk/GroupedWork/0b3d0907-b1fb-0ae4-d070-d52e65f69d0b-eng,"Overboss duel","Mesburne, Aaron","Brotherwise Games",2023,,"Board Game","Board Game::Kensington Central Library - BOARDGAMES - Adult lending: BOARD GAMES - On Shelf,Board Game::Pimlico Library - BOARDGAMES - Adult lending: AUTO - On Shelf"
https://libraries.rbkc.gov.uk/GroupedWork/c3f1b1be-be59-95d9-1582-5cf0ac770cb3-eng,Uno,"Robbins, Merle","Mattel Games",2011,,"Board Game","Board Game::Kensington Central Library - BOARDGAMES - Adult lending: BOARD GAMES - On Shelf,Board Game::Pimlico Library - Adult lending: BOARD GAMES - On Shelf"
https://libraries.rbkc.gov.uk/GroupedWork/c08484c4-c6f2-d54e-21cb-4b2f1cc2c2fd-eng,Leaf,"Eisner, Tim","Werid City Games",2023,,"Board Game","Board Game::Kensington Central Library - BOARDGAMES - Adult lending: BORD GAMES - On Shelf,Board Game::Pimlico Library - BOARDGAMES - Adult lending: AUTO - On Shelf"
https://libraries.rbkc.gov.uk/GroupedWork/b18c8028-fb91-9add-2044-c0c4d0a7d571-eng,Wyrmspan,"Vogelmann, Connie","Stonemaier Games",2023,"Alton, Hampshire","Board Game","Board Game::Kensington Central Library - BOARDGAMES - Adult lending: BOARD GAMES - On Shelf,Board Game::Charing Cross Library - BOARDGAMES - Adult lending:  - On Shelf,Board Game::Pimlico Library - BOARDGAMES - Adult lending: BOARD GAMES - Checked Out"
https://libraries.rbkc.gov.uk/GroupedWork/394f300e-9692-f50c-fcff-ace21345839d-eng,Bärenpark,"Walker-Harding, Phil","Lookout games",2017,"Schwabenheim an der Selz","Board Game","Board Game::Kensington Central Library - BOARDGAMES - Adult lending: BOARD GAMES - On Shelf,Board Game::Pimlico Library - BOARDGAMES - Adult lending: BOARD GAMES - On Shelf"
https://libraries.rbkc.gov.uk/GroupedWork/2394c621-e43c-03ae-eab4-35f2fe5a3f43-eng,Anomia,"Innes, Andrew","Coiledspring Games",2020,"Hampton Hill","Board Game","Board Game::Kensington Central Library - BOARDGAMES - Adult lending: BOARD GAMES - On Shelf,Board Game::Pimlico Library - BOARDGAMES - Adult lending: BOARD GAMES - Checked Out"
https://libraries.rbkc.gov.uk/GroupedWork/d7953c83-6b62-f89d-14a7-bc9016b58c3d-eng,Blazon,"Conklin, Dave","Asmodee UK",2022,"Alton, Hampshire","Board Game","Board Game::Kensington Central Library - BOARDGAMES - Adult lending: BOARD GAMES - On Shelf"
https://libraries.rbkc.gov.uk/GroupedWork/1bea2089-6d13-189e-88cc-529e8c507b12-eng,"Dune imperium","Dennen, Paul","Dire Wolf",2020,Denver,"Board Game","Board Game::Kensington Central Library - BOARDGAMES - Adult lending: BOARD GAMES - On Shelf,Board Game::Charing Cross Library - BOARDGAMES - Adult lending: BOARD GAMES - On Shelf,Board Game::Pimlico Library - BOARDGAMES - Adult lending: BOARD GAMES - On Shelf"
https://libraries.rbkc.gov.uk/GroupedWork/a580078b-fcfb-0516-3d50-08812f797b3b-eng,"Brass: Lancashire","Wallace, Martin","Roxley Games",2007,"Calgary, AB","Board Game","Board Game::Kensington Central Library - BOARDGAMES - Adult lending: BOARD GAMES - On Shelf,Board Game::Pimlico Library - BOARDGAMES - Adult lending: BOARD GAMES - Checked Out"
https://libraries.rbkc.gov.uk/GroupedWork/4790b83e-8145-de97-ab9c-abb28e3934c1-eng,"Casting Shadows","Badie, Ramy","Tee Turtle",2022,"Shanghai, China","Board Game","Board Game::Kensington Central Library - BOARDGAMES - Adult lending: BOARD GAMES - On Shelf,Board Game::Pimlico Library - BOARDGAMES - Adult lending: BOARD GAMES - Checked Out"
https://libraries.rbkc.gov.uk/GroupedWork/a09e5829-2966-11d4-f12c-17205781a683-eng,"Codenames: pictures","Chvátil, Vlaada (designer.)","Czech Games Edition",2016,,"Board Game","Board Game::Kensington Central Library - BOARDGAMES - Adult lending: BOARD GAMES - On Shelf,Board Game::Pimlico Library - BOARDGAMES - Adult lending: AUTO - On Shelf"
https://libraries.rbkc.gov.uk/GroupedWork/b2f34039-b3d7-d522-2620-370a90f81d31-eng,"One night ultimate werewolf","Alspach, Ted","Bezier Games",2015,,"Board Game","Board Game::Kensington Central Library - BOARDGAMES - Adult lending: BOARD GAMES - On Shelf,Board Game::Pimlico Library - BOARDGAMES - Adult lending: BOARD GAMES - On Shelf"
https://libraries.rbkc.gov.uk/GroupedWork/939f0c33-097a-e730-da9d-2c1abd037f6e-eng,Azul,"Dennen, Paul","Plan B Games",2018,Rigaud,"Board Game","Board Game::Kensington Central Library - BOARDGAMES - Adult lending: BOARD GAMES - On Shelf,Board Game::Chelsea Library - BOARDGAMES - Adult lending: BOARD GAMES - In Transit,Board Game::Pimlico Library - BOARDGAMES - Adult lending: BOARD GAMES - Checked Out"
https://libraries.rbkc.gov.uk/GroupedWork/7eb7cdb8-6fcb-647f-da98-706b352e2586-eng,"Ghost blitz","Zeimet, Jacques","Big Potato Games",2022,London,"Board Game","Board Game::Kensington Central Library - BOARDGAMES - Adult lending: BOARD GAMES - On Shelf,Board Game::St John's Wood Library - BOARDGAMES - Adult lending: BOARD GAMES - Checked Out"
https://libraries.rbkc.gov.uk/GroupedWork/d7976205-7c65-6b6a-533e-6ed7fe45f958-eng,Tokaido,"Bauza, Antoine",Funforge,2012,Paris,"Book;Board Game","Board Game::Kensington Central Library - BOARDGAMES - Adult lending: BOARD GAMES - On Shelf"
https://libraries.rbkc.gov.uk/GroupedWork/607f1f85-e043-a380-e9b2-17b3607c1d26-eng,"Space base","Clair, John D","Alderac Entertainment Group",1999,,"Board Game","Board Game::Kensington Central Library - BOARDGAMES - Adult lending: BOARD GAMES - On Shelf,Board Game::Charing Cross Library - BOARDGAMES - Adult lending:  - On Shelf,Board Game::Pimlico Library - BOARDGAMES - Adult lending: AUTO - On Shelf"
https://libraries.rbkc.gov.uk/GroupedWork/99c2b0c6-5895-6e06-0266-cdd04021e5ef-eng,"Horrified: universal monsters","Prospero Hall",Ravensburger,2019,Newton,"Board Game","Board Game::Kensington Central Library - BOARDGAMES - Adult lending: BOARD GAMES - On Shelf,Board Game::Paddington Library - BOARDGAMES - Adult lending: BOARD GAMES - On Shelf,Board Game::Pimlico Library - BOARDGAMES - Adult lending: BOARD GAMES - Checked Out"
https://libraries.rbkc.gov.uk/GroupedWork/81b43b19-b847-5f14-0155-155e3d30ae01-eng,"Invincible: the dice game",,"Mantic Games",2023,,"Board Game","Board Game::Kensington Central Library - BOARDGAMES - Adult lending: BOARD GAMES - On Shelf,Board Game::Pimlico Library - BOARDGAMES - Adult lending: AUTO - On Shelf"
https://libraries.rbkc.gov.uk/GroupedWork/63264146-f12d-8d81-29b3-db65ef8c11e4-eng,"Catan: starfarers duel","Teuber, Klaus","999 Games",2023,,"Board Game","Board Game::Kensington Central Library - BOARDGAMES - Adult lending: BOARD GAMES - On Shelf,Board Game::Victoria Library - BOARDGAMES - Adult lending: AUTO - In Transit"
https://libraries.rbkc.gov.uk/GroupedWork/161ca369-1e03-2a5c-af8e-138e2379f7fb-eng,"King of Tokyo","Garfield, Richard",Iello,2016,"Las Vegas","Board Game","Board Game::Kensington Central Library - BOARDGAMES - Adult lending: BOARD GAMES - On Shelf,Board Game::Charing Cross Library - BOARDGAMES - Adult lending: BOARD GAMES - On Shelf,Board Game::Paddington Library - BOARDGAMES - Adult lending: BOARD GAMES - On Shelf"
https://libraries.rbkc.gov.uk/GroupedWork/ed34d6b1-efa3-42c2-a7bd-9e2b0404e3b5-eng,"Aeon's end","Riley, Kevin","Indie Game Studios",2022,"Oakland, CA","Board Game","Board Game::Kensington Central Library - BOARDGAMES - Adult lending: BOARD GAMES - On Shelf,Board Game::Pimlico Library - BOARDGAMES - Adult lending: BOARD GAMES - On Shelf"
https://libraries.rbkc.gov.uk/GroupedWork/6e3517bd-970d-1e02-ee8b-4dc5fa9e3d9d-eng,"Catan: Junior","Teuber, Klaus","Mayfair Games",2011,,"Board Game","Board Game::Kensington Central Library - BOARDGAMES - Adult lending: BOARD GAMES - On Shelf,Board Game::Pimlico Library - BOARDGAMES - Adult lending: AUTO - Checked Out"
https://libraries.rbkc.gov.uk/GroupedWork/dc1f0a7b-dd51-bdb3-ecb3-e6f81aa7aca1-eng,"Turing Machine","Gridel, Fabien","Le Scorpion Masque inc",2022,"Montreal, Canada","Board Game","Board Game::Kensington Central Library - BOARDGAMES - Adult lending: BOARD GAMES - On Shelf,Board Game::Pimlico Library - BOARDGAMES - Adult lending: BOARD GAMES - On Shelf"
https://libraries.rbkc.gov.uk/GroupedWork/d7987ee3-859b-d623-9357-8b749d8cce00-eng,Scythe,"Stegmaier, Jamey","Stonemaier Games",2015,"St Louis","Board Game","Board Game::Kensington Central Library - BOARDGAMES - Adult lending: BOARD GAMES - On Shelf,Board Game::Charing Cross Library - BOARDGAMES - Adult lending:  - Checked Out,Board Game::Pimlico Library - BOARDGAMES - Adult lending: BOARD GAMES - On Shelf"
https://libraries.rbkc.gov.uk/GroupedWork/70f532a4-6163-4fad-5903-6d27e8b82d89-eng,Abyss,"Cathala, Bruno",Bombyx,2022,,"Board Game","Board Game::Kensington Central Library - BOARDGAMES - Adult lending: BOARD GAMES - On Shelf,Board Game::Pimlico Library - BOARDGAMES - Adult lending: BOARD GAMES - On Shelf"
https://libraries.rbkc.gov.uk/GroupedWork/a0533a2e-f48c-caca-6257-f28ec9fbe6c5-eng,"Here to Slay","Badie, Remy","Tee Turtle, LLC",2020,"JiangYin City, China","Board Game","Board Game::Kensington Central Library - BOARDGAMES - Adult lending: BOARD GAMES - On Shelf,Board Game::Pimlico Library - BOARDGAMES - Adult lending: BOARD GAMES - Checked Out"
https://libraries.rbkc.gov.uk/GroupedWork/fbe2edc3-a8ce-47d7-b931-82df4ecd7af0-eng,"Agricola: Family edition","Rosenberg, Uwe",,2021,,"Board Game","Board Game::Kensington Central Library - BOARDGAMES - Adult lending: BOARD GAMES - On Shelf,Board Game::Pimlico Library - BOARDGAMES - Adult lending: BOARD GAMES - On Shelf"
https://libraries.rbkc.gov.uk/GroupedWork/37c94f3b-0ca2-8c01-1ab4-ac112aeae3d2-eng,Saboteur,"Moyersoen, Frederic","VR Distribution UK Ltd",2004,Plymouth,"Board Game","Board Game::Kensington Central Library - BOARDGAMES - Adult lending: BOARD GAMES - On Shelf,Board Game::Pimlico Library - BOARDGAMES - Adult lending: BOARD GAMES - On Shelf"
https://libraries.rbkc.gov.uk/GroupedWork/9095f352-9731-c9b7-68c9-7aa3ac0d1975-eng,Smallworld,"Keyaerts, Philippe","Days of Wonder",2009,,"Board Game","Board Game::Kensington Central Library - BOARDGAMES - Adult lending: BOARD GAMES - On Shelf,Board Game::Pimlico Library - BOARDGAMES - Adult lending: BOARD GAMES - On Shelf"
https://libraries.rbkc.gov.uk/GroupedWork/657427b4-4271-f76b-20b2-0004de948e73-eng,"The mind: soulmates","Staupe, Reinhard",,2019,,"Board Game","Board Game::Kensington Central Library - BOARDGAMES - Adult lending: BOARD GAMES - On Shelf,Board Game::Pimlico Library - BOARDGAMES - Adult lending: BOARD GAMES - Checked Out"
https://libraries.rbkc.gov.uk/GroupedWork/57d3dc7d-6875-3ffd-510f-684dffc09e57-eng,"Under Falling Skies","Uhlir, Tomas","Czech Games Edition",2020,"Alton, Hamphire","Board Game","Board Game::Kensington Central Library - BOARDGAMES - Adult lending: BOARD GAMES - On Shelf,Board Game::Pimlico Library - BOARDGAMES - Adult lending: BOARD GAMES - On Shelf"
https://libraries.rbkc.gov.uk/GroupedWork/c1a9e952-19ff-ce52-44bd-39c34a79e10a-eng,"Ticket to ride: Europe","Moon, Alan R","Days of Wonder",2016,Paris,"Board Game","Board Game::Kensington Central Library - BOARDGAMES - Adult lending: BOARD GAMES - On Shelf,Board Game::Charing Cross Library - BOARDGAMES - Adult lending: BOARD GAMES - Checked Out,Board Game::Paddington Library - BOARDGAMES - Adult lending: BOARD GAMES - On Shelf"
https://libraries.rbkc.gov.uk/GroupedWork/9f7d658a-654e-66a4-02fe-4a73ba0ae3bb-eng,"Star wars: the deckbuilding game","Star Wars","Star Wars",2023,,"Book;Board Game",
https://libraries.rbkc.gov.uk/GroupedWork/d5e7a9f3-e621-5bba-a24b-9d472ba0b8bc-eng,Riftforce,"Bortollini, Carlo","1 more Time Games",2021,,"Board Game","Board Game::Kensington Central Library - BOARDGAMES - Adult lending: BOARD GAMES - On Shelf,Board Game::Pimlico Library - BOARDGAMES - Adult lending: AUTO - On Shelf"
https://libraries.rbkc.gov.uk/GroupedWork/e990decc-1545-d638-3dc3-94a3b6dc89c1-eng,"Star Trek Fluxx","Looney, Andrew","Looney Labs",2018,"College Park, MD","Board Game","Board Game::Kensington Central Library - BOARDGAMES - Adult lending: BOARD GAMES - On Shelf,Board Game::Pimlico Library - BOARDGAMES - Adult lending: BOARD GAMES - On Shelf"
https://libraries.rbkc.gov.uk/GroupedWork/eb99fbc4-8b54-59f0-2941-cb58c2b458f7-eng,Dobble,"Blanchot, Denis","ESDEVIUM GAMES LTD",2011,,"Book;Board Game",
https://libraries.rbkc.gov.uk/GroupedWork/ec03cf2c-c1a0-5eb3-db98-30d5e7120fff-eng,"Dixit odyssey","Roubira, Jean-Louis",Libellud,2011,,"Board Game","Board Game::Kensington Central Library - BOARDGAMES - Adult lending: BOARD GAMES - On Shelf,Board Game::Pimlico Library - BOARDGAMES - Adult lending: AUTO - In Transit"
https://libraries.rbkc.gov.uk/GroupedWork/b540e128-ce68-5892-f79f-d2e0337a1435-eng,Ouch!,"Caterdjian, Romain",Devir,2022,,"Board Game","Board Game::Kensington Central Library - BOARDGAMES - Adult lending: BOARD GAMES - On Shelf,Board Game::Pimlico Library - BOARDGAMES - Adult lending: BOARD GAMES - On Shelf"
https://libraries.rbkc.gov.uk/GroupedWork/8098b41a-8c37-3f49-a6f6-971e618bdb69-eng,"Sleeping gods: distant skies","Laukat, Ryan","Red Raven Games",2023,"Sandy, Utah","Board Game","Board Game::Kensington Central Library - BOARDGAMES - Adult lending: BOARD GAMES - On Shelf,Board Game::Pimlico Library - BOARDGAMES - Adult lending: BOARD GAMES - On Shelf"
https://libraries.rbkc.gov.uk/GroupedWork/f51802f7-e58f-ccba-9d01-6444272d4aef-eng,Blytz,Smalls,"Zatu Games",2024,,"Board Game","Board Game::Kensington Central Library - BOARDGAMES - Adult lending: BOARD GAMES - On Shelf,Board Game::Pimlico Library - BOARDGAMES - Adult lending: AUTO - On Shelf"
https://libraries.rbkc.gov.uk/GroupedWork/1a4d3ecd-ef68-cbce-a90b-80f5f8b3ce68-eng,"Tsuro: the game of the path","McMurchie, Tom",Asmodee,2023,Redmond,"Board Game","Board Game::Kensington Central Library - BOARDGAMES - Adult lending: BOARD GAMES - On Shelf,Board Game::Pimlico Library - Adult lending: BOARD GAMES - On Shelf"
https://libraries.rbkc.gov.uk/GroupedWork/dea3a821-2a98-f34d-f2d2-eda11099940d-eng,"Agricola: advanced level","Rosenberg, Uwe",,2022,,"Board Game","Board Game::Kensington Central Library - BOARDGAMES - Adult lending: BOARD GAMES - On Shelf"
https://libraries.rbkc.gov.uk/GroupedWork/6d1bae89-19d9-4ca6-e407-96442a940fa6-eng,"Tiny Epic Kingdoms","Almes, Scott","Gamelyn Games",2014,,"Board Game","Board Game::Kensington Central Library - BOARDGAMES - Adult lending: BOARD GAMES - On Shelf,Board Game::Pimlico Library - BOARDGAMES - Adult lending: BOARD GAMES - On Shelf"
https://libraries.rbkc.gov.uk/GroupedWork/e79c78ba-c4df-3bb8-028a-7b207eab337c-eng,"Unmatched: Cobble & Fog","Daviau, Rob",,2020,,"Book;Board Game",
https://libraries.rbkc.gov.uk/GroupedWork/4bd3a81c-4e50-f611-8636-6979bf3e1401-eng,"Dungeons and Dragons: Essential kit","Dungeons & Dragons","Wizards of the Coast Publishing",2019,,"Board Game","Board Game::Kensington Central Library - BOARDGAMES - Adult lending: BOARD GAMES - On Shelf,Board Game::Pimlico Library - BOARDGAMES - Adult lending: BOARD GAMES - Checked Out"
https://libraries.rbkc.gov.uk/GroupedWork/f9ccaf3c-9365-f2ec-264c-80372a3290fb-eng,"Letter jam","Skoupý, Ondra","Czech Games Edition",2019,,"Board Game","Board Game::Kensington Central Library - BOARDGAMES - Adult lending: BOARD GAMES - On Shelf,Board Game::Pimlico Library - BOARDGAMES - Adult lending: AUTO - Checked Out"
https://libraries.rbkc.gov.uk/GroupedWork/3be2c06c-a42a-dc2a-b4ee-d429f5607c80-eng,Kingdomino,"Cathala, Bruno","Blue Orange",2016,Pont-à-Mousson,"Board Game","Board Game::Kensington Central Library - BOARDGAMES - Adult lending: BOARD GAMES - On Shelf,Board Game::Pimlico Library - BOARDGAMES - Adult lending: BOARD GAMES - On Shelf"
https://libraries.rbkc.gov.uk/GroupedWork/7b3f3dd4-2638-c88c-75da-14ad0e1f9422-eng,"Deep sea adventure","Sasaki, Jun","Hachette Boardgames UK ltd",2014,London,"Board Game","Board Game::Kensington Central Library - BOARDGAMES - Adult lending: BOARD GAMES - On Shelf,Board Game::Pimlico Library - BOARDGAMES - Adult lending: BOARD GAMES - On Shelf"
https://libraries.rbkc.gov.uk/GroupedWork/84a41185-d31f-d613-58d2-8212eba8a17a-eng,"Ticket to ride: United Kingdom","Moon, Alan R","Days of Wonder",2015,,"Board Game","Board Game::Kensington Central Library - BOARDGAMES - Adult lending: BOARD GAMES - On Shelf,Board Game::Pimlico Library - BOARDGAMES - Adult lending: AUTO - Checked Out"
https://libraries.rbkc.gov.uk/GroupedWork/f545f136-baef-435e-63e4-3ef7bcf854cb-eng,"Horrified: greek monsters","Mulvihill, Mike","Ravensburger Ltd",2023,"Bicester, Oxfordshire","Board Game","Board Game::Kensington Central Library - BOARDGAMES - Adult lending: BOARD GAMES - On Shelf,Board Game::Pimlico Library - BOARDGAMES - Adult lending: BOARD GAMES - On Shelf"
https://libraries.rbkc.gov.uk/GroupedWork/b2dfaa09-6f28-506c-8d3c-bd8bc63a3358-eng,"The fox in the forest","Buergel, Joshua","Foxtrot Games",2017,Dalas,"Board Game","Board Game::Kensington Central Library - BOARDGAMES - Adult lending: BOARD GAMES - On Shelf,Board Game::Pimlico Library - BOARDGAMES - Adult lending: BOARD GAMES - On Shelf"
https://libraries.rbkc.gov.uk/GroupedWork/14039778-650d-d420-1c51-cd70e2f01fad-eng,Mysterium,"Nevskiy, Oleksandr",Esdevium,2015,Poitiers,"Board Game","Board Game::Kensington Central Library - BOARDGAMES - Adult lending: BOARD GAMES - On Shelf,Board Game::Charing Cross Library - BOARDGAMES - Adult lending: BOARD GAMES - On Shelf,Board Game::Paddington Library - BOARDGAMES - Adult lending: BOARD GAMES - On Shelf"
https://libraries.rbkc.gov.uk/GroupedWork/147c6f63-a731-0be0-bb21-099592882489-eng,"Mice and mystics","Hawthorne, Jerry","Plaid Hat Games",2012,,"Board Game","Board Game::Kensington Central Library - BOARDGAMES - Adult lending: BOARD GAMES - On Shelf,Board Game::Pimlico Library - BOARDGAMES - Adult lending: AUTO - On Shelf"
https://libraries.rbkc.gov.uk/GroupedWork/21c79814-303f-a13d-dc90-578b5fd1cc7a-eng,"Love letter: princess ever after","Kanai, Seiji","Renegade Games",2021,,"Board Game","Board Game::Kensington Central Library - BOARDGAMES - Adult lending: BOARD GAMES - On Shelf,Board Game::Pimlico Library - BOARDGAMES - Adult lending: AUTO - On Shelf"
https://libraries.rbkc.gov.uk/GroupedWork/9596e7a8-127f-6b3c-d441-da280aaabb68-eng,"The animals of Baker Street","Beauvais, Clementine",IELLO,2022,,"Board Game","Board Game::Kensington Central Library - BOARDGAMES - Adult lending: BOARD GAMES - On Shelf,Board Game::Pimlico Library - Adult lending: AUTO - Checked Out"
https://libraries.rbkc.gov.uk/GroupedWork/c86c07a1-6014-af3e-bb1c-29500e894626-eng,"Lord of Waterdeep","Lee, Peter","Wizards of the Coast",,,"Board Game","Board Game::Kensington Central Library - BOARDGAMES - Adult lending: BOARD GAMES - On Shelf,Board Game::Charing Cross Library - BOARDGAMES - Adult lending: AUTO - On Shelf,Board Game::Pimlico Library - BOARDGAMES - Adult lending: AUTO - On Shelf"
https://libraries.rbkc.gov.uk/GroupedWork/961a8b82-7bc8-def2-b3bc-49b152889a0c-eng,"Overboss: a boss monster game","Mesburne, Aaron","Brotherwise Games",2021,,"Board Game","Board Game::Kensington Central Library - BOARDGAMES - Adult lending: BOARD GAMES - On Shelf,Board Game::Pimlico Library - BOARDGAMES - Adult lending: AUTO - On Shelf"
https://libraries.rbkc.gov.uk/GroupedWork/aed88edf-27e5-8394-19de-cfb9a638c36b-eng,"Codenames: duet","Chvátil, Vlaada","Czech Games Edition",2017,,"Board Game","Board Game::Kensington Central Library - BOARDGAMES - Adult lending: BOARD GAMES - On Shelf,Board Game::Paddington Library - BOARDGAMES - Adult lending: BOARD GAMES - On Shelf"
https://libraries.rbkc.gov.uk/GroupedWork/868e0b33-5da3-d0b4-b919-e69a9f24790e-eng,"Spirit island: the settler-destruction strategy game","Reuss, R. Eric","Greater Than Games",2017,,"Board Game","Board Game::Kensington Central Library - BOARDGAMES - Adult lending: BOARD GAMES - On Shelf,Board Game::Charing Cross Library - BOARDGAMES - Adult lending:  - On Shelf,Board Game::Pimlico Library - BOARDGAMES - Adult lending: BOARD GAMES - On Shelf"
https://libraries.rbkc.gov.uk/GroupedWork/ada560c4-d6d7-2284-937a-f557eb07c977-eng,"Forever Home: Lottie & Jack Hazell","Hazell, Lottie","Birdwood Games Ltd",2023,"Leamington Spa, UK","Board Game","Board Game::Kensington Central Library - BOARDGAMES - Adult lending: BOARD GAMES - On Shelf,Board Game::Pimlico Library - BOARDGAMES - Adult lending:  - On Shelf"
https://libraries.rbkc.gov.uk/GroupedWork/8779c8f1-3d0d-9df0-861e-b8884850ce63-eng,"One night ultimate vampire","Alspach, Ted","Bezier Games",2016,,"Board Game","Board Game::Kensington Central Library - BOARDGAMES - Adult lending: BOARD GAMES - On Shelf,Board Game::Pimlico Library - BOARDGAMES - Adult lending: BOARD GAMES - Checked Out"
https://libraries.rbkc.gov.uk/GroupedWork/78020e17-d470-b978-6637-48042e7ed6cd-eng,"Ark nova","Wigge, Mathias","Feuerland Spiele",2021,,"Board Game","Board Game::Kensington Central Library - BOARDGAMES - Adult lending: BOARD GAMES - On Shelf,Board Game::Paddington Library - Adult lending: AUTO - On Shelf"
https://libraries.rbkc.gov.uk/GroupedWork/6a71ddee-149c-1987-62e2-7155d3a1d43b-eng,"Dixit: a picture is worth a thousand words","Roubira, Jean-Louis",Asmodee,2022,,"Board Game","Board Game::Kensington Central Library - BOARDGAMES - Adult lending: BOARD GAMES - On Shelf,Board Game::Paddington Library - BOARDGAMES - Adult lending: BOARD GAMES - On Shelf,Board Game::Pimlico Library - BOARDGAMES - Adult lending: BOARD GAMES - Checked Out"
https://libraries.rbkc.gov.uk/GroupedWork/dc618052-1a56-e93a-b397-85f5bc04747a-eng,"Jokkmokk: the winter market","Larsson, Henrik",WizKids,2023,,"Board Game","Board Game::Kensington Central Library - BOARDGAMES - Adult lending: BOARD GAMES - On Shelf,Board Game::Pimlico Library - BOARDGAMES - Adult lending: AUTO - On Shelf"
https://libraries.rbkc.gov.uk/GroupedWork/e99a5115-10f3-fe86-8964-6bc76561bcf7-eng,Fungi,"Povis, Brent","Pegasus Spiele",2014,,"Board Game","Board Game::Kensington Central Library - BOARDGAMES - Adult lending: BOARD GAMES - On Shelf,Board Game::Paddington Library - BOARDGAMES - Adult lending: BOARD GAMES - On Shelf,Board Game::Pimlico Library - BOARDGAMES - Adult lending: BOARD GAMES - On Shelf"
https://libraries.rbkc.gov.uk/GroupedWork/c3d48f5b-d7f5-f913-d393-fce81fe4fb3e-eng,"Batman: everybody lies","Spyra, Weronika","Portal Games",2022,,"Board Game","Board Game::Kensington Central Library - BOARDGAMES - Adult lending: BOARD GAMES - On Shelf,Board Game::Pimlico Library - BOARDGAMES - Adult lending: AUTO - Checked Out"
https://libraries.rbkc.gov.uk/GroupedWork/09bf9d99-904f-fd25-9f80-e9b4f97c7551-eng,"Love letter","Kanai, Seiji","Z-Man Games",2019,,"Board Game","Board Game::Kensington Central Library - BOARDGAMES - Adult lending: BOARD GAMES - On Shelf,Board Game::Pimlico Library - BOARDGAMES - Adult lending:  - On Shelf"
https://libraries.rbkc.gov.uk/GroupedWork/135fe568-c43d-55b1-b7e1-254ea47fa067-eng,"Fluxx: the card game with ever-changing rules","Looney, Andrew",,2014,"Looney Labs","Board Game","Board Game::Kensington Central Library - BOARDGAMES - Adult lending: BOARD GAMES - On Shelf,Board Game::Pimlico Library - BOARDGAMES - Adult lending: BOARD GAMES - On Shelf"
https://libraries.rbkc.gov.uk/GroupedWork/e8b7b14b-a856-7cfb-de51-4661c3964c5b-eng,"Final girl: frightmare on maple lane","Porfirio, A.J","Van Ryder Games",2021,,"Board Game","Board Game::Kensington Central Library - BOARDGAMES - Adult lending: BOARD GAMES - On Shelf"
https://libraries.rbkc.gov.uk/GroupedWork/523b7512-4cd7-3274-d26d-f7a1be3d0a85-eng,"On the Underground: London Berlin","Bleasdale, Sebastian",LudiCreations,2019,,"Board Game","Board Game::Kensington Central Library - BOARDGAMES - Adult lending: BOARD GAMES - On Shelf,Board Game::Pimlico Library - BOARDGAMES - Adult lending: BOARD GAMES - On Shelf"
https://libraries.rbkc.gov.uk/GroupedWork/c44e73bd-36b5-d289-bfde-37bc431ccff1-eng,"Pandemic: Reign of Cthulhu","Leacock, Matt","Z-Man Games",2016,,"Board Game","Board Game::Kensington Central Library - BOARDGAMES - Adult lending: BOARD GAMES - On Shelf,Board Game::Pimlico Library - BOARDGAMES - Adult lending: AUTO - On Shelf"
https://libraries.rbkc.gov.uk/GroupedWork/25989ec4-b44e-2677-95a3-9b8495d46420-eng,"Five Tribes: The Djinns of Naqala","Cathala, Bruno","Days of Wonder",2014,"Guyancourt, France","Board Game","Board Game::Kensington Central Library - BOARDGAMES - Adult lending: BOARD GAMES - On Shelf,Board Game::Pimlico Library - BOARDGAMES - Adult lending: BOARD GAMES - On Shelf"
https://libraries.rbkc.gov.uk/GroupedWork/0d30a239-528b-a238-5f89-015afc316644-eng,"Ticket to ride: ghost train","Moon, Alan R","Days of Wonder",2022,,"Board Game","Board Game::Kensington Central Library - BOARDGAMES - Adult lending: BOARD GAMES - On Shelf,Board Game::Pimlico Library - BOARDGAMES - Adult lending: AUTO - On Shelf"
https://libraries.rbkc.gov.uk/GroupedWork/ea7f2451-1f87-dc36-d0bb-4a1d78b0836b-eng,"Suspects: Claire Harper, eternal investigator","Montiage, Guillaume","Studio H",2022,,"Board Game","Board Game::Kensington Central Library - BOARDGAMES - Adult lending: BOARD GAMES - On Shelf"
https://libraries.rbkc.gov.uk/GroupedWork/fb06d72f-4e39-3c15-6a8f-5190c51691dc-eng,"Dune: a game of conquest and diplomacy","Eberle, Billy","Gale Force Nine, LLC",2021,,"Board Game","Board Game::Kensington Central Library - BOARDGAMES - Adult lending: BOAD GAMES - On Shelf,Board Game::Pimlico Library - BOARDGAMES - Adult lending: AUTO - On Shelf"
https://libraries.rbkc.gov.uk/GroupedWork/6b86e5f9-8816-e4b0-641a-c9e62b4f38a4-eng,Cluedo,Hasbro,"Hasbro Gaming",2011,,"Board Game",
https://libraries.rbkc.gov.uk/GroupedWork/eb39ffbc-d1e9-70d9-cd55-12a2defce464-eng,"Dead of winter: a crossroads game","Gilmour-Long, Jonathan","Plaid Hat Games",2014,,"Board Game","Board Game::Kensington Central Library - BOARDGAMES - Adult lending: BOARD GAMES - On Shelf,Board Game::Pimlico Library - BOARDGAMES - Adult lending: AUTO - On Shelf"
https://libraries.rbkc.gov.uk/GroupedWork/891a3dee-1768-0934-faa7-4a189540f7cd-eng,"Once upon a time: the story telling card game","Lambert, Richard","Atlas Games",2012,,"Board Game","Board Game::Kensington Central Library - BOARDGAMES - Adult lending: BOARD GAMES - On Shelf,Board Game::Pimlico Library - BOARDGAMES - Adult lending: AUTO - On Shelf"
https://libraries.rbkc.gov.uk/GroupedWork/9b9e7a44-c925-7c81-b92b-4508cf88909a-eng,"Eldritch horror","Konieczka, Corey","Fantsay Flight Games",2013,,"Board Game","Board Game::Kensington Central Library - BOARDGAMES - Adult lending: BOARD GAMES - On Shelf,Board Game::Charing Cross Library - BOARDGAMES - Adult lending:  - On Shelf,Board Game::Pimlico Library - BOARDGAMES - Adult lending: AUTO - On Shelf"
https://libraries.rbkc.gov.uk/GroupedWork/dc9968e2-5a26-46b3-ef5c-d80da3d37d96-eng,"Betrayal at the House on the Hill","Glassco, Bruce",Asmodee,2023,,"Board Game","Board Game::Kensington Central Library - BOARDGAMES - Adult lending: BOARD GAMES - On Shelf,Board Game::Charing Cross Library - BOARDGAMES - Adult lending:  - On Shelf,Board Game::Paddington Library - BOARDGAMES - Adult lending: BOARD GAMES - On Shelf"
https://libraries.rbkc.gov.uk/GroupedWork/58449726-af49-951d-3e1c-d6d2c1b1708b-eng,"Dungeons and Dragons:  Dragons of Stormwreck Isle Starter Set","Dungeons & Dragons",Asmodee,2022,,"Board Game","Board Game::Kensington Central Library - BOARDGAMES - Adult lending: BORD GAMES - On Shelf,Board Game::Pimlico Library - BOARDGAMES - Adult lending: BORD GAMES - On Shelf"
https://libraries.rbkc.gov.uk/GroupedWork/fae22af0-7b47-5385-6c1e-e39ef5e2a659-eng,"Sherlock Holmes consulting detective: the Baker Street irregulars",,"Space Cowboys",2020,Boulogne-Billancourt,"Board Game","Board Game::Kensington Central Library - BOARDGAMES - Adult lending: BOARD GAMES - On Shelf,Board Game::Pimlico Library - Adult lending: BOARD GAMES - On Shelf"
https://libraries.rbkc.gov.uk/GroupedWork/f9c35ffe-50d2-5ccf-dca9-246ead280bf3-eng,"Invasion: Free State","Teemu Vilén",Lautapelit.fi,,,"Board Game",
https://libraries.rbkc.gov.uk/GroupedWork/59bd62f8-67e9-b931-8977-d43f0329c3ff-eng,"Official Scrabble words",,Collins,2012,London,Reference,"Reference::Chelsea Library - HOB - Reference Library: 793.734 - Not for loan"
https://libraries.rbkc.gov.uk/GroupedWork/5c3feca1-0ccd-0ee4-1c67-0b2ab9ece418-eng,"Checkmate!: the wonderful world of chess","Foley, John",Welbeck,2023,London,"UNKNOWN set up by BS;Book",
https://libraries.rbkc.gov.uk/GroupedWork/4c1dc18d-3937-6f0c-a468-f50182b3b11f-eng,"Collins official Scrabble words",,Collins,2011,London,Reference,"Reference::Kensington Central Library - HOB - Reference Library: 793.734 - Not for loan"
https://libraries.rbkc.gov.uk/GroupedWork/651db4cb-7aee-61de-a5cc-e393e5a634c6-eng,Pandemic,"Z-Man Games","Z-Man Games",2011,,"Board Game","Board Game::Kensington Central Library - BOARDGAMES - Adult lending: BOARD GAMES - Checked Out,Board Game::Charing Cross Library - BOARDGAMES - Adult lending: BOARD GAMES - On Shelf,Board Game::Pimlico Library - BOARDGAMES - Adult lending: BOARD GAMES - On Shelf"
https://libraries.rbkc.gov.uk/GroupedWork/3af98e3d-a8a8-6104-77bf-dff437cfe332-eng,"Magic maze","Lapp, Kasper","Sit Down!",2017,,"Board Game","Board Game::Kensington Central Library - BOARDGAMES - Adult lending: BOARD GAMES - Checked Out,Board Game::Paddington Library - BOARDGAMES - Adult lending: BOARD GAMES - Checked Out,Board Game::Pimlico Library - BOARDGAMES - Adult lending: BOARD GAMES - On Shelf"
https://libraries.rbkc.gov.uk/GroupedWork/77bac0e5-c38c-1497-cb8a-e3aaee8dc13e-eng,"Azul: master chocolatier","Kiesling, Michael","Nesh Moves Games",2022,,"Board Game","Board Game::Kensington Central Library - BOARDGAMES - Adult lending: BOARD GAMES - Checked Out,Board Game::Paddington Library - BOARDGAMES - Adult lending: AUTO - Checked Out,Board Game::Pimlico Library - BOARDGAMES - Adult lending: AUTO - On Shelf"
https://libraries.rbkc.gov.uk/GroupedWork/02d40933-a760-1578-75de-f2630800e90e-eng,Pictomania,"Chvatil, Vlaada","Czech Games Edition",2018,"Alton, Hampshire","Board Game","Board Game::Kensington Central Library - BOARDGAMES - Adult lending: BOARD GAMES - Checked Out,Board Game::Pimlico Library - BOARDGAMES - Adult lending: BOARD GAMES - Checked Out"
https://libraries.rbkc.gov.uk/GroupedWork/0aaac48e-a749-6de1-b622-6fc00f49a2f1-eng,Takenoko,"Bauza, Antoine",Bombyx,2011,,"Board Game","Board Game::Kensington Central Library - BOARDGAMES - Adult lending: BOARD GAMES - Checked Out,Board Game::Charing Cross Library - BOARDGAMES - Adult lending:  - On Shelf,Board Game::Pimlico Library - BOARDGAMES - Adult lending: AUTO - Checked Out"
https://libraries.rbkc.gov.uk/GroupedWork/9ab42d10-3919-f346-8f30-8c74cc4c6ce5-eng,"Odin's ravens","Gimmler, Thorsten","Osprey Games",2002,,"Board Game","Board Game::Kensington Central Library - BOARDGAMES - Adult lending: BOARD GAMES - Checked Out,Board Game::Pimlico Library - BOARDGAMES - Adult lending: AUTO - Checked Out"
https://libraries.rbkc.gov.uk/GroupedWork/3ac4ef74-9940-b079-3706-442a437a0f5d-eng,Codenames,"Chvátil, Vlaada",ASMODEE,2015,,"Board Game","Board Game::Kensington Central Library - BOARDGAMES - Adult lending: BOARD GAMES - Checked Out,Board Game::Charing Cross Library - BOARDGAMES - Adult lending:  - On Shelf,Board Game::Pimlico Library - Adult lending: BOARD GAMES - On Shelf"
https://libraries.rbkc.gov.uk/GroupedWork/c12f6179-72b1-4dd6-43b0-4c6a4aca8647-eng,"Quacks of Quedlinburg: the bag building game for quacks and charlatans","Warsch, Wolfgang",Schmidt,2018,Berlin,"Book;Board Game","Board Game::Kensington Central Library - BOARDGAMES - Adult lending: BOARD GAMES - Checked Out,Board Game::Paddington Library - BOARDGAMES - Adult lending: BOARD GAMES - Checked Out,Board Game::Pimlico Library - BOARDGAMES - Adult lending: BOARD GAMES - On Shelf"
https://libraries.rbkc.gov.uk/GroupedWork/8e5c04c0-a4ad-5295-1c04-3623e99620b1-eng,"No thank you, evil!","Germain, Shanna","Monte Cook Games",2016,,"Board Game","Board Game::Kensington Central Library - BOARDGAMES - Adult lending: BOARD GAMES - Checked Out,Board Game::Pimlico Library - BOARDGAMES - Adult lending: AUTO - On Shelf"
https://libraries.rbkc.gov.uk/GroupedWork/870e6967-dd27-803c-a339-79e78ce0a1df-eng,"Muffin Time","Ridgewell, Thomas","Big Potato Games",2021,,"Board Game","Board Game::Kensington Central Library - BOARDGAMES - Adult lending: BOARD GAMES - Checked Out,Board Game::Pimlico Library - BOARDGAMES - Adult lending:  - Checked Out"
https://libraries.rbkc.gov.uk/GroupedWork/67603fdf-d4a6-e625-35bd-652206d8e299-eng,"Naruto labyrinth","Kobbert, Max J",Ravensburger,1986,,"Board Game","Board Game::Kensington Central Library - BOARDGAMES - Adult lending: BOARD GAMES - Checked Out,Board Game::Pimlico Library - BOARDGAMES - Adult lending: BOARD GAMES - On Shelf"
https://libraries.rbkc.gov.uk/GroupedWork/8b770da8-853a-29ce-8299-dbd4f404cbc3-eng,"The mind","Warsch, Wolfgang","Coiled Spring",2018,,"Board Game","Board Game::Kensington Central Library - BOARDGAMES - Adult lending: BOARD GAMES - Checked Out,Board Game::Paddington Library - BOARDGAMES - Adult lending: BOARD GAMES - Checked Out,Board Game::Pimlico Library - BOARDGAMES - Adult lending: BOARD GAMES - Checked Out"
https://libraries.rbkc.gov.uk/GroupedWork/7c510431-2ec7-65c3-785c-6760bfee13a4-eng,Coup,"Tahta, Rikki","Indie Boards and Cards",2014,,"Board Game","Board Game::Kensington Central Library - BOARDGAMES - Adult lending: BOARD GAMES - Checked Out,Board Game::Paddington Library - BOARDGAMES - Adult lending: AUTO - On Shelf"
https://libraries.rbkc.gov.uk/GroupedWork/e4b5cf78-bd02-f056-02cd-8cedc1feb590-eng,"Century: spice road","Matsuuchi, Emerson","Plan B Games",2021,"Quebec, Canada","Board Game","Board Game::Kensington Central Library - BOARDGAMES - Adult lending: BOARD GAMES - Checked Out,Board Game::Pimlico Library - BOARDGAMES - Adult lending: BOARD GAMES - On Shelf"
https://libraries.rbkc.gov.uk/GroupedWork/0b67c943-db4d-3514-d94e-a580601a65cf-eng,Wingspan,"Hargrave, Elizabeth","Stonemaier Games",2019,"St. Louis","Board Game","Board Game::Kensington Central Library - BOARDGAMES - Adult lending: BOARD GAMES - Checked Out,Board Game::Paddington Library - BOARDGAMES - Adult lending: BOARD GAMES - On Shelf,Board Game::Pimlico Library - BOARDGAMES - Adult lending: BOARD GAMES - On Shelf"
https://libraries.rbkc.gov.uk/GroupedWork/dd24180f-f8c7-e406-c64a-6f18d1e07b70-eng,Akropolis,"Messaud, Jules","Hachette Boardgames Uk Ltd",2022,"London, UK","Board Game","Board Game::Kensington Central Library - BOARDGAMES - Adult lending: BOARD GAMES - Checked Out,Board Game::Pimlico Library - BOARDGAMES - Adult lending: BOARD GAMES - On Shelf"
https://libraries.rbkc.gov.uk/GroupedWork/729e919e-db8c-6ff6-29b5-27bc56f897e6-eng,"Bunny kingdom","Garfield, Richard",IELLO,2017,,"Board Game","Board Game::Kensington Central Library - BOARDGAMES - Adult lending: BOARD GAMES - Checked Out,Board Game::Pimlico Library - BOARDGAMES - Adult lending: AUTO - On Shelf"
https://libraries.rbkc.gov.uk/GroupedWork/5da07ab5-54f1-4af5-798d-9b8412f31647-eng,"7 Wonders: architects","Bauza, Antoine","Repos Production",2021,,"Board Game","Board Game::Kensington Central Library - BOARDGAMES - Adult lending: BOARD GAMES - Checked Out,Board Game::Charing Cross Library - BOARDGAMES - Adult lending: AUTO - Checked Out,Board Game::Pimlico Library - BOARDGAMES - Adult lending: AUTO - Checked Out"
https://libraries.rbkc.gov.uk/GroupedWork/de591bc5-c6d3-72ca-cff3-3f75bc9b043f-eng,Illiterati,"Alaka, Gary","Gap Closer Games",2023,,"Board Game","Board Game::Kensington Central Library - BOARDGAMES - Adult lending: BOARD GAMES - Checked Out,Board Game::Pimlico Library - BOARDGAMES - Adult lending: AUTO - On Shelf"
https://libraries.rbkc.gov.uk/GroupedWork/8122df7e-bb36-bb27-b0ab-31e02e513b75-eng,"7 wonders","Nevskiy, Oleksandr","Repos Production",2020,Bruxelles,"Board Game","Board Game::Kensington Central Library - Adult lending: BOARD GAMES - Checked Out,Board Game::Paddington Library - BOARDGAMES - Adult lending: BOARD GAMES - Checked Out,Board Game::Pimlico Library - BOARDGAMES - Adult lending: BOARD GAMES - Checked Out"
https://libraries.rbkc.gov.uk/GroupedWork/1926b949-d167-ac55-38b3-71a547105816-eng,Wavelength,"Hague, Alex","Palm Court",2001,,"Board Game","Board Game::Kensington Central Library - BOARDGAMES - Adult lending: BOARD GAMES - In Transit,Board Game::Pimlico Library - BOARDGAMES - Adult lending: AUTO - Checked Out"
https://libraries.rbkc.gov.uk/GroupedWork/70c55e9a-684b-d94c-3b6b-73919be8a1be-eng,"Tiny Epic Zombies","Gamelyn Games","Gamelyn Games",2018,,"Board Game","Board Game::Kensington Central Library - BOARDGAMES - Adult lending: BOARD GAMES - Checked Out,Board Game::Pimlico Library - BOARDGAMES - Adult lending: BOARD GAMES - On Shelf"
https://libraries.rbkc.gov.uk/GroupedWork/6b7f70e7-1805-beff-c53d-aeae619031e7-eng,"Forbidden desert","Leacock, Matt",Gamewright,2013,,"Board Game","Board Game::Kensington Central Library - BOARDGAMES - Adult lending: BOARD GAMES - Checked Out,Board Game::Pimlico Library - BOARDGAMES - Adult lending:  - Checked Out"
https://libraries.rbkc.gov.uk/GroupedWork/bfd3b609-a70d-0fa2-dc4f-d57038a2a48f-eng,Radlands,"Piechnick, Daniel",Roxley,2021,"Calgary, AB","Board Game","Board Game::Kensington Central Library - BOARDGAMES - Adult lending: BOARD GAMES - Checked Out,Board Game::Pimlico Library - BOARDGAMES - Adult lending: BOARD GAMES - On Shelf"
https://libraries.rbkc.gov.uk/GroupedWork/de880f29-b737-9760-7e06-f623f495dbfd-eng,"Evolution: another world","Yamshchikov, Yuri","CrowD Games",2024,,"Board Game","Board Game::Kensington Central Library - BOARDGAMES - Adult lending: BOARD GAMES - Checked Out,Board Game::Pimlico Library - BOARDGAMES - Adult lending: AUTO - On Shelf"
https://libraries.rbkc.gov.uk/GroupedWork/2d63e75b-32f2-67ba-47be-ffb08c34c0a9-eng,Hanabi,"Bauza, Antoine","R&R Games Incorporated",2022,"Alton, Hampshire","Board Game","Board Game::Kensington Central Library - BOARDGAMES - Adult lending: BOARD GAMES - Checked Out,Board Game::Chelsea Library - BOARDGAMES - Adult lending:  - Checked Out"
https://libraries.rbkc.gov.uk/GroupedWork/7bbd743f-fbb5-cdf5-418d-d4928a9ff1bd-eng,"Arkham Horror: the card game","Fantasy Flight Games","Fantasy Flight Games",2016,,"Board Game","Board Game::Kensington Central Library - BOARDGAMES - Adult lending: BOARD GAMES - Checked Out,Board Game::Pimlico Library - BOARDGAMES - Adult lending: BOARD GAMES - On Shelf"
https://libraries.rbkc.gov.uk/GroupedWork/18e09c96-cfbd-eb6c-6564-ec0f128a72f2-eng,"Star Wars Villainous","Mulvihill, Mike",Ravensburger,2022,"Bicester, Oxfordshire","Board Game","Board Game::Kensington Central Library - BOARDGAMES - Adult lending: BOARD GAMES - Checked Out,Board Game::Pimlico Library - BOARDGAMES - Adult lending: BOARD GAMES - On Shelf"
https://libraries.rbkc.gov.uk/GroupedWork/93108af9-9c9c-bfc0-8edc-7aa476df9eea-eng,"Village green","Sylvester, Peer","Osprey Games",2020,,"Board Game","Board Game::Kensington Central Library - BOARDGAMES - Adult lending: BOARD GAMES - Checked Out,Board Game::Pimlico Library - BOARDGAMES - Adult lending: BOARD GAMES - On Shelf"
https://libraries.rbkc.gov.uk/GroupedWork/e9f299bb-07c8-c5b5-5138-3467ce40540a-eng,Spyfall,"Ushan, Alexandr","Hobby World",2012,,"Board Game","Board Game::Kensington Central Library - BOARDGAMES - Adult lending: BOARD GAMES - Checked Out,Board Game::Pimlico Library - BOARDGAMES - Adult lending: AUTO - On Shelf"
https://libraries.rbkc.gov.uk/GroupedWork/64c2ab0e-411e-d435-7203-29754b3a7fa8-eng,"The Traitors: Card Game",BBC,,,,"Board Game","Board Game::Kensington Central Library - BOARDGAMES - Adult lending: BOARD GAMES - Checked Out,Board Game::Pimlico Library - BOARDGAMES - Adult lending: BOARD GAMES - On Shelf"
https://libraries.rbkc.gov.uk/GroupedWork/50a302e0-a425-47d3-d25e-3b023a40b264-eng,"Bark avenue","Jungck, MacKenzie","TerreDice Games",2023,,"Board Game","Board Game::Kensington Central Library - BOARDGAMES - Adult lending: BOARD GAMES - Checked Out,Board Game::Pimlico Library - BOARDGAMES - Adult lending: AUTO - On Shelf"
https://libraries.rbkc.gov.uk/GroupedWork/dbb4403d-e187-fb2e-ba5f-5b5a03a6f7fc-eng,"Oath: chronicles game of empire and exile","Wehrle, Cole","Leder Games",2021,"Minnesota, USA","Board Game","Board Game::Kensington Central Library - BOARDGAMES - Adult lending: BOARD GAMES - Checked Out,Board Game::Pimlico Library - BOARDGAMES - Adult lending: BOARD GAMES - On Shelf"
https://libraries.rbkc.gov.uk/GroupedWork/f13b8739-1f82-3e59-2d82-3695ba7d66f1-eng,"Final Girl","Derrick, Evan",,2021,,"Board Game","Board Game::Kensington Central Library - BOARDGAMES - Adult lending: BOARD GAMES - Checked Out"
https://libraries.rbkc.gov.uk/GroupedWork/79d304ca-c9ac-9697-91e6-5e706308207e-eng,"Camel up","Bogen, Steffen",Eggertspiele,2014,,"Board Game","Board Game::Kensington Central Library - BOARDGAMES - Adult lending: BOARD GAMES - In Transit"
https://libraries.rbkc.gov.uk/GroupedWork/5006d17c-a043-f103-1688-e268ba40a346-eng,"The fox experiment","Hargrave, Elizabeth","Pandasaurus Games",2023,,"Board Game","Board Game::Kensington Central Library - BOARDGAMES - Adult lending: BOARD GAMES - On Hold Shelf,Board Game::Pimlico Library - Adult lending: BOARD GAMES - On Shelf"
https://libraries.rbkc.gov.uk/GroupedWork/10513b2a-9bda-a0d9-1957-6b5779988995-eng,"My Little Scythe","Chou, Hoby","Stonemaier LLC",2018,"St Louis, MO","Board Game","Board Game::Kensington Central Library - BOARDGAMES - Adult lending: BOARD GAMES - Checked Out,Board Game::Pimlico Library - BOARDGAMES - Adult lending:  - On Shelf"
https://libraries.rbkc.gov.uk/GroupedWork/73bee0fc-c132-2ecb-7144-f4560fb4bf82-eng,"Munchkin: deluxe","Steve Jackson","Steve Jackson Games",2016,,"Board Game","Board Game::Kensington Central Library - BOARDGAMES - Adult lending: BOARD GAMES - Checked Out,Board Game::Pimlico Library - BOARDGAMES - Adult lending: BOARD GAMES - On Shelf"
https://libraries.rbkc.gov.uk/GroupedWork/6ddb698e-1048-5ad2-6bb4-3cd8dfe1caa7-eng,"Catan: trade, build and settle","Teuber, Klaus","Catan Studio",2016,Charlottesville,"Board Game","Board Game::Kensington Central Library - BOARDGAMES - Adult lending: BOARD GAMES - Checked Out,Board Game::Charing Cross Library - BOARDGAMES - Adult lending:  - Checked Out,Board Game::Paddington Library - BOARDGAMES - Adult lending: BOARD GAMES - On Shelf"
https://libraries.rbkc.gov.uk/GroupedWork/7fc1efc2-6146-2a88-3cf4-dd7709101185-eng,"Tiny Epic Galaxies","Almes, Scott","Gamelyn Games",2015,,"Board Game","Board Game::Kensington Central Library - BOARDGAMES - Adult lending: BOARD GAMES - Checked Out,Board Game::Pimlico Library - BOARDGAMES - Adult lending: BOARD GAMES - On Shelf"
https://libraries.rbkc.gov.uk/GroupedWork/1cbccc1e-48f4-0815-6ca4-74f3211c7375-eng,"Salton sea","Bernal, David",Devir,2024,,"Board Game","Board Game::Kensington Central Library - BOARDGAMES - Adult lending: BOARD GAMES - Checked Out,Board Game::Pimlico Library - BOARDGAMES - Adult lending: BOARD GAMES - On Shelf"
https://libraries.rbkc.gov.uk/GroupedWork/5c8ceda9-2890-c901-6aea-80e08f2d0423-eng,"Tico's Travels","Bond, Alexander","Bond Games Group Ltd",2024,"Richmond, London","Board Game","Board Game::Kensington Central Library - BOARDGAMES - Adult lending: BOARD GAMES - Checked Out,Board Game::Pimlico Library - BOARDGAMES - Adult lending: BOARD GAMES - On Shelf"
https://libraries.rbkc.gov.uk/GroupedWork/8e894ee7-8218-a14b-0984-4e0d1d595459-eng,"Star wars: outer rim","Konieczka, Corey","Fantasy Flight Games",2019,,"Board Game","Board Game::Kensington Central Library - BOARDGAMES - Adult lending: BOARD GAMES - Checked Out,Board Game::Pimlico Library - BOARDGAMES - Adult lending: AUTO - On Shelf"
https://libraries.rbkc.gov.uk/GroupedWork/d0ca509d-964c-3ec5-d8c5-55c43f0dac47-eng,"Games of thrones: oathbreaker","Spak, Kevin","Dire Wolf",2019,,"Board Game","Board Game::Kensington Central Library - BOARDGAMES - Adult lending: BOARD GAMES - Checked Out,Board Game::Pimlico Library - BOARDGAMES - Adult lending: AUTO - On Shelf"
https://libraries.rbkc.gov.uk/GroupedWork/e0fed3ea-0e7b-1df0-2795-ede98e91d3f2-eng,"Great Western Trail","Pfister, Alexander","Plan B Games Europe GmbH",2021,"Stuttgart, Germany","Board Game","Board Game::Kensington Central Library - BOARDGAMES - Adult lending: BOARD GAMES - Checked Out,Board Game::Pimlico Library - BOARDGAMES - Adult lending: BOARD GAMES - On Shelf"
https://libraries.rbkc.gov.uk/GroupedWork/a972daff-58e5-5e20-df73-bfce58580acb-eng,"Unmatched:  for king and country","Daviau, Rob","Resortation Games",2023,,"Board Game","Board Game::Kensington Central Library - BOARDGAMES - Adult lending: BOARD GAMES - Checked Out,Board Game::Pimlico Library - BOARDGAMES - Adult lending: AUTO - On Shelf"
https://libraries.rbkc.gov.uk/GroupedWork/a069bc70-ebc1-424e-00ad-9cefee80cc0e-eng,"Villainous: Infinite power","Hall, Prospero",Ravensburger,2020,"North America","Book;Board Game",
https://libraries.rbkc.gov.uk/GroupedWork/0a4f966c-d888-11da-4292-19fe20ad649b-eng,"Alice is missing: a silent role playing game","Starke, Spencer","Hunters Entertainment",2018,Missesota,"Board Game","Board Game::Kensington Central Library - BOARDGAMES - Adult lending: BOARD GAMES - Checked Out,Board Game::Paddington Library - BOARDGAMES - Adult lending: BOARD GAMES - On Shelf"
https://libraries.rbkc.gov.uk/GroupedWork/8baab961-22cf-a628-1e71-d151159ece65-eng,"Escape the Dark Castle: the game of atmospheric adventure","Pike, Thomas",Themeborn,2018,Nottingham,"Board Game","Board Game::Kensington Central Library - BOARDGAMES - Adult lending: BOARD GAMES - Checked Out,Board Game::Paddington Library - BOARDGAMES - Adult lending: BOARD GAMES - Checked Out,Board Game::Pimlico Library - BOARDGAMES - Adult lending: BOARD GAMES - On Shelf"
https://libraries.rbkc.gov.uk/GroupedWork/c91d63b4-56ed-e56d-38af-bceaf0266aa1-eng,"7 wonders: duel","Bauza, Antoine","Repos Production",2015,,"Board Game","Board Game::Kensington Central Library - BOARDGAMES - Adult lending: BOARD GAMES - Checked Out,Board Game::Pimlico Library - BOARDGAMES - Adult lending: AUTO - On Shelf"
https://libraries.rbkc.gov.uk/GroupedWork/c27cff8f-43d8-dbac-c4e0-84909490a5ad-eng,"Exit: the abandoned cabin","Brand, Inka",,2016,KOSMOS,"Board Game","Board Game::Kensington Central Library - BOARDGAMES - Adult lending: BOARD GAMES - Checked Out"
https://libraries.rbkc.gov.uk/GroupedWork/01d9c0ff-1e1d-11fa-3d30-577d9c2ab21f-eng,"Root: a game of woodland might and right","Wehrle, Cole","Leder Games",2018,Missesota,"Board Game","Board Game::Kensington Central Library - BOARDGAMES - Adult lending: BOARD GAMES - Checked Out,Board Game::Victoria Library - BOARDGAMES - Adult lending: BOARD GAMES - In Transit"
https://libraries.rbkc.gov.uk/GroupedWork/6f5321e0-3bb9-aca3-9513-85276d673311-eng,"Escape the Dark Sector","Pike, Thomas",Themborne,2020,Norwich,"Board Game","Board Game::Kensington Central Library - BOARDGAMES - Adult lending: BOARD GAMES - Checked Out,Board Game::Pimlico Library - BOARDGAMES - Adult lending: BOARD GAMES - On Shelf"
https://libraries.rbkc.gov.uk/GroupedWork/09b7a2b4-56f8-df77-611d-25767fe14d7a-eng,Unfathomable,"Fanchi, Tony","Fantasy Flight Games",2021,,"Board Game","Board Game::Kensington Central Library - BOARDGAMES - Adult lending: BOARD GAMES - Checked Out,Board Game::Pimlico Library - BOARDGAMES - Adult lending: AUTO - On Shelf"
https://libraries.rbkc.gov.uk/GroupedWork/8113562b-c9c5-3e02-a03b-6acefed6b36d-eng,"Pitch like Hollywood: what you can learn from the high-stakes film industry","Desberg, Peter","McGraw Hill",2022,"New York",Reference,"Reference::Kensington Central Library - BUS - Reference Library: 658.85 - On Shelf"
https://libraries.rbkc.gov.uk/GroupedWork/d92ba887-5a01-7728-815e-a6d530863155-eng,"Viticulture: essential edition","Beth Sobel","Stonemaier games",2015,,"Board Game",
https://libraries.rbkc.gov.uk/GroupedWork/6a6b3679-9692-bf56-3d7c-25113f161149-eng,"Exploding kittens","Inman, Matthew",Asmodee,2021,,"Board Game",
https://libraries.rbkc.gov.uk/GroupedWork/364108ad-938e-1301-8d7e-b8fa893ffb2a-eng,Outfoxed!,"Tipaton-Johnson, Colt",Gamewright,2014,"Hampton Hill,Twickenham","Board Game",
https://libraries.rbkc.gov.uk/GroupedWork/3731d7fc-c3dd-8aeb-84f8-9d7a06d9a875-eng,Chess,,"M.Y Traditional games",,Exeter,"Board Game",
https://libraries.rbkc.gov.uk/GroupedWork/00109244-0d19-6da0-c09a-18a6260b52d3-eng,Skull,"Marly, Hervé",,2017,"Saint-Père-en-Retz : Lui-même, 2013-2017","Board Game",
https://libraries.rbkc.gov.uk/GroupedWork/96d2d441-b66d-1d19-7780-fbcf26e4c75a-eng,"Disney Villainous",Ravensburger,Ravensburger,2019,Bicester,"Board Game",
https://libraries.rbkc.gov.uk/GroupedWork/5922b676-01e3-51b9-656d-06863c548be1-eng,"Let's Go! To Japan","Josh Wood",AEG,2024,,"Board Game",
https://libraries.rbkc.gov.uk/GroupedWork/184ce523-f4ea-d72f-ed20-92274ef6ea58-eng,"The Isle of Cats","WEST, Frank","The City of Games",2019,Bristol,"Board Game",
https://libraries.rbkc.gov.uk/GroupedWork/06a76066-9d5a-716d-d574-5811edd9936d-eng,"Marvel Splendor","André, Marc","Space Cowboys",2021,,"Board Game",
https://libraries.rbkc.gov.uk/GroupedWork/e330104c-6f23-174a-94be-b9e4444fc746-eng,Heroquest,"Bradley, Milton",Hasbro,2021,,"Board Game",
https://libraries.rbkc.gov.uk/GroupedWork/639bb556-5302-cf1d-173f-88c68e087254-eng,"Splendor duels","André, Marc","Space Cowboys",2022,,"Board Game",
https://libraries.rbkc.gov.uk/GroupedWork/04996f08-1985-e6e9-ab03-e6b75ae5464f-eng,"Sushi Go!","Walker-Harding, Phil",Gamewright,2013,,"Board Game",
https://libraries.rbkc.gov.uk/GroupedWork/3849106b-8c51-4350-d90b-b355ee42ddeb-eng,"Brass: Birmingham","Wallace, Martin","Roxley Games",2018,,"Board Game",
https://libraries.rbkc.gov.uk/GroupedWork/f5af3974-6233-64ba-c664-9ebaeffbb9ca-eng,"Spy Guy Fantasy","Majchrowski, Mariusz","Trefl; Hachette Boardgames UK Ltd",2024,Poland,"Board Game",
https://libraries.rbkc.gov.uk/GroupedWork/1582c19d-afc9-f4ad-3402-9683f394b9d4-eng,"Ticket to ride: London","Moon, Alan R","Days of Wonder",2015,,"Board Game",
https://libraries.rbkc.gov.uk/GroupedWork/dd6e4503-9fb0-3d56-9314-44f05ef8380d-eng,"Machi Koro 2",,"Panda Saurus Games",,,"Board Game",
https://libraries.rbkc.gov.uk/GroupedWork/eb1f567e-e3ae-10d9-caf1-bf06618556fc-eng,"Flamme rouge","Granerud, Asger Harding","Stronghold games",2015,Helsinki,"Board Game",
https://libraries.rbkc.gov.uk/GroupedWork/a67f6fbc-2b0f-b439-7bcf-8846b55585f6-eng,"Magic Rabbit","Dutois, Julie","Lumberjacks Studio",2020,,"Board Game",
https://libraries.rbkc.gov.uk/GroupedWork/bd39f41c-5ca9-b0ae-eaa8-2ed8243e5343-eng,"Chocolate factory","Dunstan, Matthew","Alley Cat Games",2019,,"Board Game",
https://libraries.rbkc.gov.uk/GroupedWork/817c6295-e951-42d0-e448-9226001be407-eng,"Side Effects","Igartua, Jen","Pillbox Games",2021,"Brooklyn, NY","Board Game",
https://libraries.rbkc.gov.uk/GroupedWork/c65668e8-2454-2c39-3870-05d8da938f21-eng,Footprints,"Svensson, Eilif","Chilifox Games and 4GAMES",2023,,"Board Game",
https://libraries.rbkc.gov.uk/GroupedWork/bca85267-2bcf-4a5a-bfcc-234fade876f9-eng,Calico,"Kevin russ",AEG,,,"Board Game",
https://libraries.rbkc.gov.uk/GroupedWork/dad9c6d5-ddf0-8e84-4311-074892b32e2c-eng,"Dungeons and dragons: adventure begins","Dungeons & Dragons",Asmodee,2020,,"Board Game",
https://libraries.rbkc.gov.uk/GroupedWork/50645b9f-4826-7ba6-3072-bd7c54daeeb8-eng,Cultivate,"Foss, Austin","Pops & Bejou Games",2021,,"Board Game",
https://libraries.rbkc.gov.uk/GroupedWork/ac831a56-7d4c-7db1-ebff-479732d11226-eng,Parks,"Audubon, Henry","Keymaster Games LLC,\c2019",2019,"Jefferson, Georgia USA","Board Game",
https://libraries.rbkc.gov.uk/GroupedWork/33925d05-3924-1f78-91d4-8a916cf9fa2a-eng,"Azul: summer pavilion","Michael Kiesling","Next Move",,,"Board Game",
https://libraries.rbkc.gov.uk/GroupedWork/5e5f3a78-08fc-4906-fa61-524fb22a1fd7-eng,Yokohama,"Hisashi Hayashi","Synapse games",2016,,"Board Game",
https://libraries.rbkc.gov.uk/GroupedWork/09791d68-3d7e-1e83-b8ee-f77b3e4d9045-eng,Canvas,"Jeff Chin, Andrew Nerger",,,,"Board Game",
https://libraries.rbkc.gov.uk/GroupedWork/3c8847a4-a139-5f6f-3d99-7349896bbdd7-eng,"Stomp the Plank: Pack your trunks","Sirieix, Florian","Hachette Boardgames UK; The Flying Games",2023,France,"Board Game",
https://libraries.rbkc.gov.uk/GroupedWork/b2a68509-8d85-24e8-be23-e45d380d7a0c-eng,Everdell,"James A Wilson","Starling games",,,"Board Game",
https://libraries.rbkc.gov.uk/GroupedWork/98427120-c352-5920-5ad7-f3992b6e26b8-eng,"Azul Duel","Michael Kiesling","Next Move",,,"Board Game",
https://libraries.rbkc.gov.uk/GroupedWork/9b5f5fc6-6f8b-4aaf-e2a3-af8ffe6bbeee-eng,"Forbidden jungle","Leacock, Matt",Gamewright,2023,,"Board Game",
https://libraries.rbkc.gov.uk/GroupedWork/1b16d897-e0d4-e261-e5ed-734c399d30ad-eng,"The crew: the quest for planet nine","Sing, Thomas",Kosmos,2019,Stuttgart,"Board Game",
https://libraries.rbkc.gov.uk/GroupedWork/505279d5-07da-4ca9-29cd-1edbf0176a0e-eng,"The crew: mission deep sea","Sing, Thomas",Kosmos,2021,,"Board Game",
https://libraries.rbkc.gov.uk/GroupedWork/547d3dfc-aede-2431-58b5-d3a408d81e7d-eng,"Back stories: alone under the ice","Messaud, Jules","La Boîte de Jeu",2024,Arceau,"Board Game",
https://libraries.rbkc.gov.uk/GroupedWork/9157a9df-271c-f7d0-0ae4-3dce84dea4fa-eng,"Harry Potter Dobble","Blanchot, Denis",,2019,,"Board Game",
https://libraries.rbkc.gov.uk/GroupedWork/30620936-9f47-f903-3224-083bffa7d685-eng,"Dungeon party","Drover, Glenn","Forbidden Games",2021,,"Board Game",
https://libraries.rbkc.gov.uk/GroupedWork/64ee3f23-c6f4-7473-859d-eaf512be607e-eng,Finspan,"David Gordon, Michael O'Connell",,2025,,"Board Game",
https://libraries.rbkc.gov.uk/GroupedWork/aa6aa21c-a4cd-22ff-87c0-f64dcef1cf72-eng,"221b Baker Street: The Sherlock Holmes Detective Game",,Gibsons,2014,Surrey,"Board Game",
https://libraries.rbkc.gov.uk/GroupedWork/d4859bb0-3eab-6d0d-f7c6-ab10a6ad538a-eng,"Twilight struggle:  the cold war, 1945-1989","Gupta, Ananda",GMT,2021,Hanford,"Board Game",
https://libraries.rbkc.gov.uk/GroupedWork/20f7e587-e702-5949-0338-6b5d55595ee1-eng,Istanbul,"Rüdiger Dorn",,2014,,"Board Game",
https://libraries.rbkc.gov.uk/GroupedWork/a3e72838-9a6a-6fef-e48e-b8d612d49a61-eng,"The lord of the rings: Adventure to mount doom","Michael Rieneck",KOSMOS,,,"Board Game",
https://libraries.rbkc.gov.uk/GroupedWork/8174cd58-e3e8-c8af-4502-2b241f500640-eng,"The happy waving game: Tombliboos",,"BBC Children's",2007,London,"UNKNOWN set up by BS",
https://libraries.rbkc.gov.uk/GroupedWork/cf4b9da6-32b7-b636-927e-24b6136a733e-eng,"Black and white: a high contrast book of art","Armstrong, Victoria (Editor)","Dorling Kindersley Limited",2024,London,"Children’s art books;Book",
https://libraries.rbkc.gov.uk/GroupedWork/2da3b9fe-8fc0-5ccb-c5ac-eb4826848107-eng,"Mog and me","Kerr, Judith",Collins,1996,London,"UNKNOWN set up by BS",
https://libraries.rbkc.gov.uk/GroupedWork/7910c0f3-29f4-206d-1615-163e776ba85d-eng,"My friends","Tucker, Stephen","Oxford University Press",2001,Oxford,"UNKNOWN set up by BS",
